impl,run,vmminit_ms,first_ms,ready_ms
minivmm,1,NA,40.731,1296.089
minivmm,2,NA,33.009,1288.328
minivmm,3,NA,36.346,1293.024
minivmm,4,NA,33.405,1293.538
minivmm,5,NA,30.461,1286.084
minivmm,6,NA,33.255,1289.078
minivmm,7,NA,32.408,1299.978
minivmm,8,NA,31.325,1287.480
minivmm,9,NA,32.784,1288.534
minivmm,10,NA,32.707,1289.019
minivmm-tuned,1,NA,39.612,1301.080
minivmm-tuned,2,NA,31.275,1287.796
minivmm-tuned,3,NA,34.169,1291.336
minivmm-tuned,4,NA,25.552,1283.116
minivmm-tuned,5,NA,31.935,1293.083
minivmm-tuned,6,NA,32.362,1289.670
minivmm-tuned,7,NA,36.049,1293.158
minivmm-tuned,8,NA,33.268,1294.454
minivmm-tuned,9,NA,33.597,1291.012
minivmm-tuned,10,NA,33.010,1291.886
qemu-q35,1,NA,191.394,982.916
qemu-q35,2,NA,191.471,987.664
qemu-q35,3,NA,180.006,971.401
qemu-q35,4,NA,193.279,987.298
qemu-q35,5,NA,187.138,983.082
qemu-q35,6,NA,194.691,990.243
qemu-q35,7,NA,196.248,992.936
qemu-q35,8,NA,193.270,989.482
qemu-q35,9,NA,189.098,1001.964
qemu-q35,10,NA,191.640,985.327
qemu-microvm,1,NA,93.721,548.286
qemu-microvm,2,NA,96.431,551.870
qemu-microvm,3,NA,78.746,534.720
qemu-microvm,4,NA,91.409,547.539
qemu-microvm,5,NA,81.361,536.451
qemu-microvm,6,NA,89.070,543.316
qemu-microvm,7,NA,84.665,545.082
qemu-microvm,8,NA,92.099,546.836
qemu-microvm,9,NA,81.907,544.441
qemu-microvm,10,NA,92.519,547.724
